parent_id,child_id,company,link_text,url
D069,D069-01,Aman Cotton Fibrous,Download,https://www.amancotton.com/wp-content/uploads/2026/07/Unpaid-Cash-Dividend-List-2025-ACFL.pdf
D070,D070-01,Aman Cotton Fibrous,Download,https://www.amancotton.com/wp-content/uploads/2026/06/Unpaid-Cash-Dividend-List-2024-ACFL.pdf
D071,D071-01,Aman Cotton Fibrous,Download,https://www.amancotton.com/wp-content/uploads/2024/08/Unpaid-Cash-Dividend-List-2023.pdf
D072,D072-01,Aman Cotton Fibrous,Download,https://www.amancotton.com/wp-content/uploads/2024/09/Unpaid-Cash-Dividend-List-2022.pdf
D073,D073-01,Aman Cotton Fibrous,Download,https://www.amancotton.com/wp-content/uploads/2025/04/ACFL-Unclaimed-DIVIDEND-LIST-2021.pdf
D074,D074-01,Aman Cotton Fibrous,Download,https://www.amancotton.com/wp-content/uploads/2022/02/ACFL-Unpaid-Dividend-List_2020.pdf
D075,D075-01,Aman Cotton Fibrous,Download,https://www.amancotton.com/wp-content/uploads/2023/06/ACFL-Unpaid-Dividend-List-of-2019.pdf
D076,D076-01,Aman Cotton Fibrous,Download,https://www.amancotton.com/wp-content/uploads/2022/02/ACFL-Unpaid-Cash-Dividend-List_2018.pdf
D124,D124-01,Deshbandhu Polymer,About Us,https://deshbandhupolymer.com/uploads/unpaid-dividend-rc-2015_022338100c.pdf
D125,D125-01,Deshbandhu Polymer,About Us,https://deshbandhupolymer.com/uploads/un-paid-dividend-2012_42e29ffaf9.pdf
