id,company,type,title,url,kind,role,source,note
D001,Jamuna Oil,Cash,Jamuna Oil Company Ltd. Unclaimed Dividend 2018-19,https://cmsfbd.org/storage/app/uploads/public/cop/y-o/f-j/copy-of-jamuna-oil-company-ltd-unclaimed-dividend-for-the-year-of-2018-192225.pdf,direct_file,list,CMSF Data Bank,
D002,Singer Bangladesh,Cash,Singer BD unclaimed cash dividends (2022),https://cmsfbd.org/storage/app/uploads/public/sin/ger/-bd/singer-bd-2022.pdf,direct_file,list,CMSF Data Bank,
D003,Meghna Petroleum,Cash,Meghna Petroleum Ltd Unpaid Dividend 2018-2019,https://cmsfbd.org/storage/app/uploads/public/meg/hna/-pe/meghna-petrolium-ltd-unpaid-dividend-2018-2019.pdf,direct_file,list,CMSF Data Bank,
D004,Deshbandhu Polymer,Cash,Deshbondhu Polymer Cash Dividend FY2018,https://cmsfbd.org/storage/app/uploads/public/un-/pai/d-d/un-paid-dividen-2018.pdf,direct_file,list,CMSF Data Bank,
D005,Deshbandhu Polymer,Cash,Deshbondhu Polymer Cash Dividend FY2015,https://cmsfbd.org/storage/app/uploads/public/unp/aid/-di/unpaid-dividend-rc-2015.pdf,direct_file,list,CMSF Data Bank,
D006,IT Consultants,Cash,IT Consultants Ltd. Cash Dividend 2018-19,https://cmsfbd.org/storage/app/uploads/public/it-/con/sul/it-consultants-ltd-2018-19.pdf,direct_file,list,CMSF Data Bank,
D007,Al-Arafah Islami Bank,Cash,Al-Arafah Islami Bank unclaimed dividend 1998-2017 (year wise),https://cmsfbd.org/storage/app/uploads/public/al-/ara/fah/al-arafah-islami-bank-ltd-unclaimed-dividend-list-1998-to-2017-year-wise.pdf,direct_file,list,CMSF Data Bank,
D008,Al-Arafah Islami Bank,Cash,Al-Arafah Islami Bank unclaimed dividend 1998-2017,https://cmsfbd.org/storage/app/uploads/public/al-/ara/fah/al-arafah-islami-bank-ltd-unclaimed-dividend-list-1998-2017.pdf,direct_file,list,CMSF Data Bank,
D009,Anlima Yarn Dyeing,Cash,Anlima Yarn Dying Ltd. unclaimed dividend 2009-2018,https://cmsfbd.org/storage/app/uploads/public/2-u/npa/id-/2-unpaid-dividend-list-2009-10-to-2017-18-1-178-compressed.pdf,direct_file,list,CMSF Data Bank,
D010,Anlima Yarn Dyeing,Cash,Anlima Yarn Dying Ltd. unclaimed dividend 1997-2009,https://cmsfbd.org/storage/app/uploads/public/1-u/npa/id-/1-unpaid-dividend-list-1997-98-to-2008-09.pdf,direct_file,list,CMSF Data Bank,
D011,Olympic Industries,Stock,Olympic Industries Ltd Unclaimed/Unsettled Stock Dividend,https://cmsfbd.org/storage/app/uploads/public/oly/mpi/c-i/olympic-industries-ltd-unclaimed-unsettled-stock-dividend.pdf,direct_file,list,CMSF Data Bank,
D012,National Polymer Industries,Stock,National Polymer Industries Unclaimed Stock Dividend 2009 & 2011-2018,https://cmsfbd.org/storage/app/uploads/public/nat/ion/al-/national-polymer-industries-ltd-unclaimed-stock-dividend-for-the-year-2009-2011-2018.pdf,direct_file,list,CMSF Data Bank,
D013,Beximco,Stock,BEXIMCO Unclaimed Stock Dividend (Bonus Shares),https://cmsfbd.org/storage/app/uploads/public/ban/gla/des/bangladesh-export-import-company-ltd-beximco-unclaimed-stock-dividend-bonus-shares.pdf,direct_file,list,CMSF Data Bank,
D014,Al-Arafah Islami Bank,Stock,Al-Arafah Islami Bank Unclaimed Stock Dividend and Right-2010 (as on 31-05-2022),https://cmsfbd.org/storage/app/uploads/public/al-/ara/fah/al-arafah-islami-bank-ltd-unclaimed-stock-dividend-2005-2013-2015-2017-2018-and-right-2010-as-om-31-05-2022.pdf,direct_file,list,CMSF Data Bank,
D015,Khulna Power Company (KPCL),Stock,KPCL unclaimed/undistributed stock dividend or bonus shares,https://cmsfbd.org/storage/app/uploads/public/lis/t-o/f-u/list-of-unclaimed-or-undistributed-stock-dividend-or-bonus-shares-1.pdf,direct_file,list,CMSF Data Bank,
D016,Green Delta Insurance,Stock,Green Delta Insurance Unclaimed Stock Dividend List 2019,https://cmsfbd.org/storage/app/uploads/public/gre/en-/del/green-delta-insurance-ltd-unclaimed-stock-dividend-list-2019.pdf,direct_file,list,CMSF Data Bank,
D017,Apex Footwear,Stock,Apex Footwear Unclaimed Stock Dividend 2007 (as on 10 Feb 2022),https://cmsfbd.org/storage/app/uploads/public/unc/lai/med/unclaimed-stick-dividend-year-2007.pdf,direct_file,list,CMSF Data Bank,
D018,Summit Power,Stock,Summit Power,https://cmsfbd.org/storage/app/uploads/public/sum/mit/-po/summit-power.pdf,direct_file,list,CMSF Data Bank,
D019,United Finance,Stock,United Finance Ltd (cash dividend 1994-2017 + subscription money),https://cmsfbd.org/storage/app/uploads/public/unc/lai/med/unclaimed-cash-dividend-1994-2017-unclaimed-subscription-money.pdf,direct_file,list,CMSF Data Bank,
D020,United Insurance,Stock,United Insurance Company Ltd (cash dividend 2008-2017),https://cmsfbd.org/storage/app/uploads/public/unc/lai/med/unclaimed-cash-dividend-2008-2017.pdf,direct_file,list,CMSF Data Bank,
D021,CMSF,Settled claims (stock),Claim Settlement List Jul 2025-Mar 2026,https://cmsfbd.org/storage/app/uploads/public/sto/ck-/set/stock-settlement-july-2025-march-2026.pdf,direct_file,settled_claims,CMSF Claim List,Already-settled claims; use to exclude
D022,CMSF,Settled claims (cash),Claim Settlement List (Cash),https://cmsfbd.org/storage/app/uploads/public/set/tle/d-c/settled-claims-till-may-162026.pdf,direct_file,settled_claims,CMSF Claim List,Already-settled claims; use to exclude
D023,CMSF,Settled claims (stock),Claim Settlement List (Stock) till Jun 2025,https://cmsfbd.org/storage/app/uploads/public/set/tle/men/settlement-report-till-june-2025.pdf,direct_file,settled_claims,CMSF Claim List,Already-settled claims; use to exclude
D024,CMSF,Form,Application form for claiming unclaimed cash and stock dividends,https://cmsfbd.org/storage/app/uploads/public/app/lic/ati/application-form-of-claimant.pdf,direct_file,reference_only,CMSF Forms,
D025,CMSF,Guide,Investors Claim Settlement Booklet,https://cmsfbd.org/storage/app/media/Investors%20Claim%20Settlement%20Booklet-%20V3.pdf,direct_file,reference_only,CMSF Forms,
D026,CMSF,Guide,Operational Guidelines ICSD v4,https://cmsfbd.org/storage/app/media/Operational%20Guideline%20for%20ICSD%20v4.pdf,direct_file,reference_only,CMSF Forms,
D027,CMSF,Notice,Update status of Fund and Investors' Claim Settlement (Jul 2025),https://cmsfbd.org/storage/app/uploads/public/cap/ita/l-m/capital-market-stabilization-fund-report-1.pdf,direct_file,reference_only,CMSF Notice,
D028,Beximco Synthetics,Notice,"Claim settlement notice (Bangla, Jan 2025)",https://cmsfbd.org/storage/app/uploads/public/doc/1dG/Yhs/doc1dGYhs.pdf,direct_file,reference_only,CMSF Notice,
D029,Grameenphone,Data,Unpaid/unclaimed dividend details FD22 (5 May 2026),https://backoffice.grameenphone.com/sites/default/files/2026-05/02.%20CMSF%20Data_FD22_For%20Web_20260505.pdf,direct_file,list,Company site: grameenphone.com,
D030,Grameenphone,Notice,Newspaper notice 5 May 2026,https://backoffice.grameenphone.com/sites/default/files/2026-05/01.%20Newspaper%20Notice_20260505.pdf,direct_file,reference_only,Company site: grameenphone.com,
D031,Aamra Networks,List,Unclaimed dividend 2023,https://aamranetworks.com/wp-content/uploads/2024/10/Unclaimed-Dividend_2023_ANL.pdf,direct_file,list,Company site: aamranetworks.com,
D032,Aamra Technologies,List,Unclaimed dividend 2023,https://www.aamratechnologies.com/wp-content/uploads/2024/09/Unclaimed-Dividend_2023_ATL.pdf,direct_file,list,Company site: aamratechnologies.com,
D033,ACI Formulations,List,Stock bonus 2008-2011 (04-08-2026),https://www.aci-bd.com/assets/files/ACI-FL/unpaid-dividend/unclaimed-or-unsettled-stock-or-bonus-shares-2008-2011-for-aci-formulations-plc_04-08-2026.pdf,direct_file,list,Company site: aci-bd.com,
D034,ACI Formulations,List,Cash 2008-2020 (04-08-2026),https://www.aci-bd.com/assets/files/ACI-FL/unpaid-dividend/unpaid-or-unclaimed-cash-dividend-2008-2020-of-aci-formulations-plc_04-08-2026.pdf,direct_file,list,Company site: aci-bd.com,
D035,AB Bank 1st Mutual Fund,Cash,Unclaimed dividend FY 2013-14,http://www.abb1stmf.com/upload/downloads/1647333818.pdf,direct_file,list,Company site: abb1stmf.com,
D036,AB Bank 1st Mutual Fund,Cash,Unclaimed dividend FY 2014-15,http://www.abb1stmf.com/upload/downloads/1647333833.pdf,direct_file,list,Company site: abb1stmf.com,
D037,AB Bank 1st Mutual Fund,Cash,Unclaimed dividend FY 2015-16,http://www.abb1stmf.com/upload/downloads/1647333848.pdf,direct_file,list,Company site: abb1stmf.com,
D038,AB Bank 1st Mutual Fund,Cash,Unclaimed dividend FY 2016-17,http://www.abb1stmf.com/upload/downloads/1647333862.pdf,direct_file,list,Company site: abb1stmf.com,
D039,AB Bank 1st Mutual Fund,Cash,Unclaimed dividend FY 2017-18,http://www.abb1stmf.com/upload/downloads/1675343890.pdf,direct_file,list,Company site: abb1stmf.com,
D040,AB Bank 1st Mutual Fund,Cash,Unclaimed dividend FY 2018-19,http://www.abb1stmf.com/upload/downloads/1675343913.pdf,direct_file,list,Company site: abb1stmf.com,
D041,AB Bank 1st Mutual Fund,Cash,Unclaimed dividend FY 2020-21,http://www.abb1stmf.com/upload/downloads/1732016207.pdf,direct_file,list,Company site: abb1stmf.com,
D042,AB Bank,List Stock,Unclaimed stock dividend 2022,https://abbl.com/wp-content/uploads/2026/08/List-of-Unclaimed-Stock-Dividend-for-the-year-2022.pdf,direct_file,list,Company site: abbl.com,
D043,AB Bank,List Cash,Unclaimed cash dividend 2021,https://abbl.com/wp-content/uploads/2025/07/List-of-Unclaimed-Cash-Dividend-for-the-year-2021.pdf,direct_file,list,Company site: abbl.com,
D044,AB Bank,List Stock,Unclaimed stock dividend 2021,https://abbl.com/wp-content/uploads/2025/07/List-of-Unclaimed-Stock-Dividend-for-the-year-2021.pdf,direct_file,list,Company site: abbl.com,
D045,AB Bank,List Stock,Unclaimed stock dividend 2020,https://abbl.com/wp-content/uploads/2024/06/List-of-Unclaimed-Stock-Dividend-for-the-year-2020.pdf,direct_file,list,Company site: abbl.com,
D046,AB Bank,List Stock,Unclaimed stock dividend 2019,https://abbl.com/wp-content/uploads/2023/10/List-of-Unclaimed-Stock-Dividend-for-the-year-2019.pdf,direct_file,list,Company site: abbl.com,
D047,Aftab Automobiles,Stock,Unclaimed stock dividend,https://www.aftabautomobiles.com/wp-content/uploads/2022/11/Unclaimed-Stock-Dividend-AAL.pdf,direct_file,list,Company site: aftabautomobiles.com,
D048,Aftab Automobiles,Cash,Unclaimed cash dividend,https://www.aftabautomobiles.com/wp-content/uploads/2022/11/Unclaimed-Cash-Dividend-AAL.pdf,direct_file,list,Company site: aftabautomobiles.com,
D049,Agni Systems,List,CMSF list,https://agni.com/wp-content/uploads/2024/01/CMSF-.pdf,direct_file,list,Company site: (direct),
D050,Agrani Insurance,Cash,Unclaimed dividend 2022,https://www.agraniinsurance.com/wp-content/uploads/2025/10/Unclaimed-22.pdf,direct_file,list,Company site: agraniinsurance.com,
D051,Agrani Insurance,Cash,Unclaimed dividend 2021,https://www.agraniinsurance.com/wp-content/uploads/2025/08/Unclaimed-21.pdf,direct_file,list,Company site: agraniinsurance.com,
D052,Agrani Insurance,Cash,Unclaimed dividend 2020,https://www.agraniinsurance.com/wp-content/uploads/2024/11/Dividend-2020-Unclaimed.pdf,direct_file,list,Company site: agraniinsurance.com,
D053,Agrani Insurance,Cash,Unclaimed dividend 2019,https://www.agraniinsurance.com/wp-content/uploads/2023/09/Unclaimed-Dividend-2019-Cash.pdf,direct_file,list,Company site: agraniinsurance.com,
D054,Agrani Insurance,Cash,Unclaimed dividend 2017,https://www.agraniinsurance.com/wp-content/uploads/2022/06/Dividend-17-Unclaimed.pdf,direct_file,list,Company site: agraniinsurance.com,
D055,Agrani Insurance,Cash,Unclaimed dividend 2016,https://www.agraniinsurance.com/wp-content/uploads/2022/06/Dividend-16-Unclaimed.pdf,direct_file,list,Company site: agraniinsurance.com,
D056,Agrani Insurance,Cash,Unclaimed dividend 2015,https://www.agraniinsurance.com/wp-content/uploads/2022/06/Dividend-15-Unclaimed.pdf,direct_file,list,Company site: agraniinsurance.com,
D057,Al-Arafah Islami Bank,List Cash,Vol 1 Cash & fraction 1998-2016,https://www.aibl.com.bd/wp-content/uploads/2023/08/Volume-No.-01-List-of-Unclaimed-Cash-Fra.-Dividend-for-the-Year-1998-2016-compressed.pdf,direct_file,list,Company site: aibl.com.bd,
D058,Al-Arafah Islami Bank,List Stock,Vol 1 Stock 2005-2017,https://www.aibl.com.bd/wp-content/uploads/2023/08/Volume-No.-01-List-of-Unclaimed-Stock-Dividend-for-the-Year-2005-to-2017.pdf,direct_file,list,Company site: aibl.com.bd,
D059,Al-Arafah Islami Bank,List Cash,Vol 2 Cash & fraction 2017,https://www.aibl.com.bd/wp-content/uploads/2023/08/Volume-No.-02-List-of-Unclaimed-Cash-Fraction-Dividend-for-the-Year-2017.pdf,direct_file,list,Company site: aibl.com.bd,
D060,Al-Arafah Islami Bank,List Stock,Vol 2 Stock bonus 2018,https://www.aibl.com.bd/wp-content/uploads/2023/08/Volume-No.-02-List-of-Unclaimed-Stock-Bonus_Dividend-for-the-Year-2018.pdf,direct_file,list,Company site: aibl.com.bd,
D061,Al-Arafah Islami Bank,List Cash,Vol 3 Cash & fraction 2018,https://www.aibl.com.bd/wp-content/uploads/2023/08/Volume-No.-03-List-of-Unclaimed-Cash-Fraction-Dividend-for-the-Year-2018.pdf,direct_file,list,Company site: aibl.com.bd,"Fixed via search; verified loads (warrant, folio/BO, name, amount)"
D062,Al-Arafah Islami Bank,List Cash,Vol 4 2019,https://www.aibl.com.bd/wp-content/uploads/2023/10/Volume-No.-04-List-of-Unclaimed-Cash-Fraction-Dividend-for-the-Year-2019.pdf,direct_file,list,Company site: aibl.com.bd,
D063,Al-Arafah Islami Bank,List Cash,Vol 5 2020,https://www.aibl.com.bd/wp-content/uploads/2025/08/Volume-No.-05-List-of-Unclaimed-Cash-Fraction-Dividend-for-the-Year-2020.pdf,direct_file,list,Company site: aibl.com.bd,
D064,Al-Arafah Islami Bank,List Summary,Summary of unclaimed dividend (Jul 2026),https://www.aibl.com.bd/wp-content/uploads/2026/07/summary-of-unclaimed-dividend.pdf,direct_file,summary,Company site: aibl.com.bd,
D065,Alhaj Textile Mills,Cash,Unclaimed cash dividend 2001,https://alhajtextilemills.com/files/Uuclement_Cash_Dividend_2001.pdf,direct_file,list,Company site: alhajtextilemills.com,
D066,Alhaj Textile Mills,Cash,Unclaimed cash dividend 2017,https://alhajtextilemills.com/files/Unclement_Cash_Dividend_Fraction_2017v2.pdf,direct_file,list,Company site: alhajtextilemills.com,
D067,Alhaj Textile Mills,Cash,Unclaimed cash dividend 2016,https://alhajtextilemills.com/files/Unclement_Cash_Dividend_Fraction_2016v2.pdf,direct_file,list,Company site: alhajtextilemills.com,
D068,Alhaj Textile Mills,Cash,Unclaimed cash dividend 2015,https://alhajtextilemills.com/files/Unclement_Cash_Dividend_Fraction_2015v2.pdf,direct_file,list,Company site: alhajtextilemills.com,
D069,Aman Cotton Fibrous,Cash,Unpaid cash dividend list 2025,https://www.amancotton.com/unpaid-cash-dividend-list-2025/,html_page,list,Company site: amancotton.com,Web page; PDF link inside
D070,Aman Cotton Fibrous,Cash,Unpaid cash dividend list 2024,https://www.amancotton.com/unpaid-cash-dividend-list-2024/,html_page,list,Company site: amancotton.com,Web page; PDF link inside
D071,Aman Cotton Fibrous,Cash,Unpaid cash dividend list 2023,https://www.amancotton.com/unpaid-cash-dividend-list-2023-2/,html_page,list,Company site: amancotton.com,Web page; PDF link inside; direct PDF: https://www.amancotton.com/wp-content/uploads/2024/08/Unpaid-Cash-Dividend-List-2023.pdf
D072,Aman Cotton Fibrous,Cash,Unpaid cash dividend list 2022,https://www.amancotton.com/unpaid-cash-dividend-list-2022/,html_page,list,Company site: amancotton.com,Web page; PDF link inside
D073,Aman Cotton Fibrous,Cash,Unpaid cash dividend list 2021,https://www.amancotton.com/unpaid-cash-dividend-list-2021/,html_page,list,Company site: amancotton.com,Web page; PDF link inside
D074,Aman Cotton Fibrous,Cash,Unpaid cash dividend list 2020,https://www.amancotton.com/unpaid-cash-dividend-list-2020-2/,html_page,list,Company site: amancotton.com,Web page; PDF link inside
D075,Aman Cotton Fibrous,Cash,Unpaid cash dividend list 2019,https://www.amancotton.com/unpaid-cash-dividend-list-2019-2/,html_page,list,Company site: amancotton.com,Web page; PDF link inside
D076,Aman Cotton Fibrous,Cash,Unpaid cash dividend list 2018,https://www.amancotton.com/unpaid-cash-dividend-list-2018/,html_page,list,Company site: amancotton.com,Web page; PDF link inside
D077,Aman Feed,Cash,Unpaid cash dividend 2025,http://amanfeed.com/wp-content/uploads/2026/07/Unpaid-Cash-Dividend-List-2025-AFL.pdf,direct_file,list,Company site: amanfeed.com,
D078,Aman Feed,Cash,Unpaid cash dividend 2024,http://amanfeed.com/wp-content/uploads/2026/07/Unpaid-Cash-Dividend-List-2024-AFL.pdf,direct_file,list,Company site: amanfeed.com,
D079,Aman Feed,Cash,Unpaid cash dividend 2023,http://amanfeed.com/wp-content/uploads/2026/07/Unpaid-Cash-Dividend-List-2023-AFL.pdf,direct_file,list,Company site: amanfeed.com,
D080,Aman Feed,Cash,Unpaid cash dividend 2022,http://amanfeed.com/wp-content/uploads/2026/07/Unpaid-Cash-Dividend-List-2022-AFL.pdf,direct_file,list,Company site: amanfeed.com,
D081,Aman Feed,Cash,Unpaid cash dividend 2022 summary,http://amanfeed.com/wp-content/uploads/2022/06/Unpaid-cash-dividend-summary-sheet-2022.pdf,direct_file,summary,Company site: amanfeed.com,
D082,Aman Feed,Cash,Unpaid cash dividend 2021,http://amanfeed.com/wp-content/uploads/2025/04/AFL-Unclaimed-DIVIDEND-LIST-2021.pdf,direct_file,list,Company site: amanfeed.com,
D083,Aman Feed,Cash,Unpaid cash dividend 2020,http://amanfeed.com/wp-content/uploads/2022/06/Unpaid-Cash-Dividend-List-2020.pdf,direct_file,list,Company site: amanfeed.com,
D084,Aman Feed,Cash,Unpaid cash dividend 2019,http://amanfeed.com/wp-content/uploads/2023/06/Unpaid-Cash-Dividend-List-2019-3.pdf,direct_file,list,Company site: amanfeed.com,
D085,Aman Feed,Cash,Unpaid cash dividend 2018,http://amanfeed.com/wp-content/uploads/2022/03/Unpaid-Cash-Dividend-List-2018.pdf,direct_file,list,Company site: amanfeed.com,
D086,Aman Feed,Cash,Unpaid cash dividend 2017,http://amanfeed.com/wp-content/uploads/2021/09/Unclaimed-Dividend-Warrant-list-for-2017.pdf,direct_file,list,Company site: amanfeed.com,
D087,Aman Feed,Cash,Unpaid cash dividend 2016,http://amanfeed.com/wp-content/uploads/2021/09/Unclaimed-Dividend-List-for-2016.pdf,direct_file,list,Company site: amanfeed.com,
D088,Aman Feed,Cash,Unpaid cash dividend 2015,http://amanfeed.com/wp-content/uploads/2021/09/Unclaimed-Dividend-list-for-2015-1.pdf,direct_file,list,Company site: amanfeed.com,
D089,Bangladesh General Insurance,Unsettled dividend,2022,https://bgicinsure.com/project/public/uploads/investor%20informations/1786356632-Unsettled%20Dividend-2022.pdf,direct_file,list,Company site: bgicinsure.com,
D090,Bangladesh General Insurance,Unsettled dividend,2021,https://bgicinsure.com/project/public/uploads/investor%20informations/1756704914-Unclaimed%20Dividend-2021.xlsx%20NEW.pdf,direct_file,list,Company site: bgicinsure.com,
D091,Bangladesh General Insurance,Unsettled dividend,2020,https://bgicinsure.com/project/public/uploads/investor%20informations/1756704938-Unclaimed%20Dividend%202020%20update.pdf,direct_file,list,Company site: bgicinsure.com,
D092,Bangladesh General Insurance,Unsettled dividend,2019,https://bgicinsure.com/project/public/uploads/investor%20informations/1701508628-2019%20dividend%20file%2003.pdf,direct_file,list,Company site: bgicinsure.com,
D093,Bangladesh General Insurance,Unsettled dividend,2018,https://bgicinsure.com/project/public/uploads/investor%20informations/1701508556-Unclaim%20Dividend-2018%20Shareholder%20List.pdf,direct_file,list,Company site: bgicinsure.com,
D094,Bangladesh General Insurance,Unsettled dividend,2017,https://bgicinsure.com/project/public/uploads/investor%20informations/1690951859-unclaim%20statement_2017_sec.pdf,direct_file,list,Company site: bgicinsure.com,
D095,Bangladesh Lamps,List,Stock 2021-22 list,https://bll.com.bd/download/detail-list-of-unclaimed-stock-dividend-2021-2022/,wp_download_page,list,Company site: bll.com.bd (4 pages checked),
D096,Bangladesh Lamps,List,Cash 2019-20 list,https://bll.com.bd/download/detail-list-of-unclaimed-cash-dividend-2019-2020/,wp_download_page,list,Company site: bll.com.bd (4 pages checked),
D097,Bangladesh Lamps,List,Cash 2021-22 list,https://bll.com.bd/download/detail-list-of-unclaimed-cash-dividend-2021-2022/,wp_download_page,list,Company site: bll.com.bd (4 pages checked),
D098,Bangladesh Lamps,List,Cash 2020-21 list,https://bll.com.bd/download/detail-list-of-unclaimed-cash-dividend-2020-2021/,wp_download_page,list,Company site: bll.com.bd (4 pages checked),
D099,Bangladesh Lamps,List,Cash 2018-19 details,https://bll.com.bd/download/details-of-unclaimed-cash-dividend-for-the-year-2018-2019/,wp_download_page,list,Company site: bll.com.bd (4 pages checked),
D100,Bangladesh Lamps,List,Cash 2017-18 details,https://bll.com.bd/download/details-of-unclaimed-cash-dividend-for-the-year-2017-2018/,wp_download_page,list,Company site: bll.com.bd (4 pages checked),
D101,Bangladesh Lamps,List,Stock 2016-17 details,https://bll.com.bd/download/details-of-unclaimed-stock-dividend-of-bangladesh-lamps-limited-2016-2017/,wp_download_page,list,Company site: bll.com.bd (4 pages checked),
D102,Bangladesh Lamps,List,Cash 2016-17 details,https://bll.com.bd/download/details-of-unclaimed-cash-dividend-of-bangladesh-lamps-limited-2016-2017/,wp_download_page,list,Company site: bll.com.bd (4 pages checked),
D103,Bangladesh Lamps,List,Summary to 30-Jun-2023,https://bll.com.bd/download/year-wise-summary-of-unclaimed-dividend-as-on-30-june-2023/,wp_download_page,summary,Company site: bll.com.bd (4 pages checked),
D104,Bangladesh Lamps,List,Summary to 30-Jun-2022,https://bll.com.bd/download/year-wise-summary-of-unclaimed-dividend-as-on-30-june-2022/,wp_download_page,summary,Company site: bll.com.bd (4 pages checked),
D105,Bangladesh Lamps,List,Summary to 30-Jun-2021,https://bll.com.bd/download/year-wise-summary-of-un-claimed-cash-dividend-as-on-30-06-2021/,wp_download_page,summary,Company site: bll.com.bd (4 pages checked),
D106,City General Insurance,Statements,"Statements for 2022, 2021, 2020, 2019, 2018, 2016; notices; bonus share 2007",https://www.cityinsurance.com.bd/investors/unclaimed-dividend,html_page,reference_only,Company site: cityinsurance.com.bd,GAP: files load via JavaScript and are not in search indexes. Needs a browser.
D107,Confidence Cement,Stock,Unclaimed stock dividend 2009-2019 (at CMSF),https://confidencecement.com.bd/wp-content/uploads/2023/06/List-of-unclaimed-Stock-Dividend-Bonus-Shares-2009-to-2019-transferred-to-the-Capital-Market-Stabilization-Fund.pdf,direct_file,list,Company site: confidencecement.com.bd,
D108,Confidence Cement,List,PSI CCL unclaimed dividend,https://confidencecement.com.bd/wp-content/uploads/2022/05/PSI-CCL-Unclaimed_Dividend.pdf,direct_file,list,Company site: confidencecement.com.bd,
D109,Crown Cement,List,Unclaimed dividend FY2022,https://crowncement.com/wp-content/uploads/2026/01/Unclaimed-Dividend-for-the-year-ended-30-June-2022.pdf,direct_file,list,Company site: crowncement.com,
D110,Crown Cement,List,Unclaimed dividend FY2021,https://crowncement.com/wp-content/uploads/2025/01/Unclaimed-Dividend-for-the-year-ended-30-June-2021.pdf,direct_file,list,Company site: crowncement.com,
D111,Crown Cement,List,Unclaimed dividend FY2020,https://crowncement.com/wp-content/uploads/2023/12/List-of-Shareholders-of-the-Unclaimed-Dividend-for-the-year-ended-30-June-2020_29.01.2024-2.pdf,direct_file,list,Company site: crowncement.com,
D112,Crown Cement,List,Unclaimed dividend FY2019,https://crowncement.com/wp-content/uploads/2023/02/UCD_2018_19.pdf,direct_file,list,Company site: crowncement.com,
D113,Daffodil Computers,Cash,Unpaid/unclaimed cash dividend (year not stated),https://drive.google.com/file/d/1bGFMrJ-NxzNV96sO7vHycGIyfGI-iR68/view,gdrive,list,Company site: daffodil-bd.com,
D114,Delta Life Insurance,List,Cash 2018,https://www.deltalife.org/assets/userfiles/List-of-Unclaimed-Cash-Dividend-2018.pdf,direct_file,list,Company site: deltalife.org,
D115,Delta Life Insurance,List,Stock 2013,https://www.deltalife.org/assets/userfiles/List-of-Unclaimed-Stock-Dividend-2013.pdf,direct_file,list,Company site: deltalife.org,
D116,Delta Life Insurance,List,Cash summary 1994-2017,https://www.deltalife.org/assets/userfiles/Summary-of-Unclaimed-Cash-Dividend-1994-2017.pdf,direct_file,summary,Company site: deltalife.org,
D117,Delta Life Insurance,List,Cash 2017,https://www.deltalife.org/assets/userfiles/List-of-Unclaimed-Cash-Dividend-2017.pdf,direct_file,list,Company site: deltalife.org,
D118,Delta Life Insurance,List,Cash 2016,https://www.deltalife.org/assets/userfiles/List-of-Unclaimed-Cash-Dividend-2016.pdf,direct_file,list,Company site: deltalife.org,
D119,Delta Life Insurance,List,Cash 2015,https://www.deltalife.org/assets/userfiles/List-of-Unclaimed-Cash-Dividend-2015.pdf,direct_file,list,Company site: deltalife.org,
D120,Delta Life Insurance,List,Cash 2014,https://www.deltalife.org/assets/userfiles/List-of-Unclaimed-Cash-Dividend-2014.pdf,direct_file,list,Company site: deltalife.org,
D121,Delta Life Insurance,List,Cash 2013,https://www.deltalife.org/assets/userfiles/List-of-Unclaimed-Cash-Dividend-2013.pdf,direct_file,list,Company site: deltalife.org,
D122,Delta Life Insurance,List,Cash 1994-2012,https://www.deltalife.org/assets/userfiles/List-of-Unclaimed-Cash-Dividend-1994-2012.pdf,direct_file,list,Company site: deltalife.org,
D123,Deshbandhu Polymer,Cash,Unclaimed cash dividend 2018,https://deshbandhupolymer.com/uploads/un-paid-dividen-2018_2fcdd6d4a7.pdf,direct_file,list,Company site: deshbandhupolymer.com,2019-2023 and IPO dividend entries have no link on page
D124,Deshbandhu Polymer,Cash,Unclaimed cash dividend 2015,https://deshbandhupolymer.com/uploads/unpaid-dividend-rc-2015_022338100c.pdf,direct_file,list,Company site: deshbandhupolymer.com,
D125,Deshbandhu Polymer,Cash,Unclaimed cash dividend 2012,https://deshbandhupolymer.com/uploads/un-paid-dividend-2012_42e29ffaf9.pdf,direct_file,list,Company site: deshbandhupolymer.com,
D126,Dutch-Bangla Bank,Cash,Unpaid/unclaimed cash 2021,https://www.dutchbanglabank.com/investor-relations/Unpaid-Unclaimed-Dividend/Unpaid_Unclaimed2021.pdf,direct_file,list,Company site: dutchbanglabank.com,
D127,Dutch-Bangla Bank,Cash,Unpaid/unclaimed cash 2020,https://www.dutchbanglabank.com/investor-relations/Unpaid-Unclaimed-Dividend/Unpaid_Unclaimed2020.pdf,direct_file,list,Company site: dutchbanglabank.com,
D128,Dutch-Bangla Bank,Cash,Unpaid/unclaimed cash 2019,https://www.dutchbanglabank.com/investor-relations/Unpaid-Unclaimed-Dividend/Unpaid_Unclaimed2019.pdf,direct_file,list,Company site: dutchbanglabank.com,
D129,Dutch-Bangla Bank,Cash,Unclaimed cash 2017,https://www.dutchbanglabank.com/investor-relations/Unpaid-Unclaimed-Dividend/Unclaimed_2017.pdf,direct_file,list,Company site: dutchbanglabank.com,
D130,Dutch-Bangla Bank,Cash,Unclaimed cash 2016,https://www.dutchbanglabank.com/investor-relations/Unpaid-Unclaimed-Dividend/Unclaimed_2016.pdf,direct_file,list,Company site: dutchbanglabank.com,
D131,Dutch-Bangla Bank,Cash,Unclaimed cash 2015,https://www.dutchbanglabank.com/investor-relations/Unpaid-Unclaimed-Dividend/Unclaimed_2015.pdf,direct_file,list,Company site: dutchbanglabank.com,
D132,Dutch-Bangla Bank,Cash,Unclaimed cash 2014,https://www.dutchbanglabank.com/investor-relations/Unpaid-Unclaimed-Dividend/Unclaimed_2014.pdf,direct_file,list,Company site: dutchbanglabank.com,
D133,Dutch-Bangla Bank,Cash,Unclaimed cash 2013,https://www.dutchbanglabank.com/investor-relations/Unpaid-Unclaimed-Dividend/Unclaimed_2013.pdf,direct_file,list,Company site: dutchbanglabank.com,
D134,Dutch-Bangla Bank,Cash,Unclaimed cash 2012,https://www.dutchbanglabank.com/investor-relations/Unpaid-Unclaimed-Dividend/Unclaimed_2012.pdf,direct_file,list,Company site: dutchbanglabank.com,
D135,Dutch-Bangla Bank,Cash,Unclaimed cash 2011,https://www.dutchbanglabank.com/investor-relations/Unpaid-Unclaimed-Dividend/Unclaimed_2011.pdf,direct_file,list,Company site: dutchbanglabank.com,
D136,Dutch-Bangla Bank,Cash,Unclaimed cash 2010,https://www.dutchbanglabank.com/investor-relations/Unpaid-Unclaimed-Dividend/Unclaimed_2010.pdf,direct_file,list,Company site: dutchbanglabank.com,
D137,Dutch-Bangla Bank,Cash,Unclaimed cash 2009,https://www.dutchbanglabank.com/investor-relations/Unpaid-Unclaimed-Dividend/Unclaimed_2009.pdf,direct_file,list,Company site: dutchbanglabank.com,
D138,Dutch-Bangla Bank,Cash,Unclaimed cash 2008,https://www.dutchbanglabank.com/investor-relations/Unpaid-Unclaimed-Dividend/Unclaimed_2008.pdf,direct_file,list,Company site: dutchbanglabank.com,
D139,Dutch-Bangla Bank,Cash,Unclaimed cash 2007,https://www.dutchbanglabank.com/investor-relations/Unpaid-Unclaimed-Dividend/Unclaimed_2007.pdf,direct_file,list,Company site: dutchbanglabank.com,
D140,Dutch-Bangla Bank,Cash,Unclaimed cash 2006,https://www.dutchbanglabank.com/investor-relations/Unpaid-Unclaimed-Dividend/Unclaimed_2006.pdf,direct_file,list,Company site: dutchbanglabank.com,
D141,Dutch-Bangla Bank,Cash,Unclaimed cash 2005,https://www.dutchbanglabank.com/investor-relations/Unpaid-Unclaimed-Dividend/Unclaimed_2005.pdf,direct_file,list,Company site: dutchbanglabank.com,
D142,Dutch-Bangla Bank,Cash,Unclaimed cash 2004,https://www.dutchbanglabank.com/investor-relations/Unpaid-Unclaimed-Dividend/Unclaimed_2004.pdf,direct_file,list,Company site: dutchbanglabank.com,
D143,Dutch-Bangla Bank,Cash,Unclaimed cash 2003,https://www.dutchbanglabank.com/investor-relations/Unpaid-Unclaimed-Dividend/Unclaimed_2003.pdf,direct_file,list,Company site: dutchbanglabank.com,
D144,Dutch-Bangla Bank,Cash,Unclaimed cash 2002,https://www.dutchbanglabank.com/investor-relations/Unpaid-Unclaimed-Dividend/Unclaimed_2002.pdf,direct_file,list,Company site: dutchbanglabank.com,
D145,Dutch-Bangla Bank,Cash,Unclaimed cash 2001,https://www.dutchbanglabank.com/investor-relations/Unpaid-Unclaimed-Dividend/Unclaimed_2001.pdf,direct_file,list,Company site: dutchbanglabank.com,
D146,Dutch-Bangla Bank,Stock,Stock fraction 2021,https://www.dutchbanglabank.com/investor-relations/Unpaid-Unclaimed-Dividend/UnpaidorUnclaimedStockDiv_Fraction2021.pdf,direct_file,list,Company site: dutchbanglabank.com,
D147,Dutch-Bangla Bank,Stock,Stock 2021,https://www.dutchbanglabank.com/investor-relations/Unpaid-Unclaimed-Dividend/Unpaid%20orUnclaimedStockDividend2021.pdf,direct_file,list,Company site: dutchbanglabank.com,
D148,Dutch-Bangla Bank,Stock,Stock fraction 2020,https://www.dutchbanglabank.com/investor-relations/Unpaid-Unclaimed-Dividend/UnpaidorUnclaimedStockDiv_Fraction2020.pdf,direct_file,list,Company site: dutchbanglabank.com,
D149,Dutch-Bangla Bank,Stock,Stock 2020,https://www.dutchbanglabank.com/investor-relations/Unpaid-Unclaimed-Dividend/Unpaid%20orUnclaimedStockDividend2020.pdf,direct_file,list,Company site: dutchbanglabank.com,
D150,Dutch-Bangla Bank,Stock,Stock 2019,https://www.dutchbanglabank.com/investor-relations/Unpaid-Unclaimed-Dividend/UnpaidUnclaimedStockDividend2019.pdf,direct_file,list,Company site: dutchbanglabank.com,
D151,Dutch-Bangla Bank,Stock,Stock fraction 2019,https://www.dutchbanglabank.com/investor-relations/Unpaid-Unclaimed-Dividend/UnpaidUnclaimedStockDividendFraction2019.pdf,direct_file,list,Company site: dutchbanglabank.com,
D152,Dutch-Bangla Bank,Stock,Stock 2018,https://www.dutchbanglabank.com/investor-relations/Unpaid-Unclaimed-Dividend/Unclaimed_Stock_2018.pdf,direct_file,list,Company site: dutchbanglabank.com,
D153,Dutch-Bangla Bank,Stock,Stock fraction 2018,https://www.dutchbanglabank.com/investor-relations/Unpaid-Unclaimed-Dividend/Unclaimed_Stock_Fraction_2018.pdf,direct_file,list,Company site: dutchbanglabank.com,
D154,Dutch-Bangla Bank,Stock,Stock 2001-2017,https://www.dutchbanglabank.com/investor-relations/Unpaid-Unclaimed-Dividend/Unclaimed_Stock_2017.pdf,direct_file,list,Company site: dutchbanglabank.com,
D155,Eastern Bank,List,Unclaimed folio/bonus register (Oct 2024),https://www.ebl.com.bd/download/Folo-Bonus-Register-as-of-October-2024.pdf,direct_file,list,Company site: ebl.com.bd,
D156,Eastern Bank,List,Unclaimed dividend report 2022,https://www.ebl.com.bd/download/Unclaimed_Dividend_Report_for_the_year_2022.pdf,direct_file,list,Company site: ebl.com.bd,
D157,Eastern Bank,List,2021,https://www.ebl.com.bd/download/Unclaimed_Dividend_Report_for_the_year_2021.pdf,direct_file,list,Company site: ebl.com.bd,
D158,Eastern Bank,List,2020,https://www.ebl.com.bd/download/Unclaimed_Dividend_Report_for_the_year_2020.pdf,direct_file,list,Company site: ebl.com.bd,
D159,Eastern Bank,List,2019,https://www.ebl.com.bd/download/Unclaimed_Dividend_Report_for_the_year_2019.pdf,direct_file,list,Company site: ebl.com.bd,
D160,Eastern Bank,List,2018,https://www.ebl.com.bd/download/Unclaimed_Dividend_Report_for_the_year_2018.pdf,direct_file,list,Company site: ebl.com.bd,
D161,Eastern Bank,List,Provisional amounts,https://www.ebl.com.bd/download/Unclaimed-Undistributed-Dividend-Amount.pdf,direct_file,summary,Company site: ebl.com.bd,
D162,eGeneration,List,Unclaimed dividend FY2021-22,https://egeneration.co/assets/contents/pdf/Dividend/Unclaimed-Dividend-for-the-FY-2021-22_Website.pdf,direct_file,list,Company site: egeneration.co,
D163,Eastern Insurance,Summary (image only),Unpaid dividend summary 2025 (JPEG banner),https://eiclbd.com/wp-content/uploads/2025/09/Unpaid-Divident-2025.jpeg,direct_file,reference_only,Company site: eiclbd.com,"Image, not a list"
D164,Far East Knitting & Dyeing,List,Cash 2025,https://drive.google.com/file/d/1I6048aqjHLTlrsoPt97up1jx79YZgVMy/view,gdrive,list,Company site: fareastknit.com,
D165,Far East Knitting & Dyeing,List,Cash 2024,https://drive.google.com/file/d/14I32JtlhJoTeRFlYl9c0h6-9TJaaexKe/view,gdrive,list,Company site: fareastknit.com,
D166,Far East Knitting & Dyeing,List,Cash 2023,https://drive.google.com/file/d/1UUDZuQmjZ4mUnlL0pABt_sk8o5kGwocq/view,gdrive,list,Company site: fareastknit.com,
D167,Far East Knitting & Dyeing,List,Cash 2022,https://drive.google.com/file/d/1KsFFcuOLF7hV1Vn5q2N600oQiVyuzg5Z/view,gdrive,list,Company site: fareastknit.com,
D168,Far East Knitting & Dyeing,List,Cash 2021,https://drive.google.com/file/d/1O5LZmfQZpna2C96WECiOMqrgPIEI73ep/view,gdrive,list,Company site: fareastknit.com,
D169,Far East Knitting & Dyeing,List,Cash 2020,https://drive.google.com/file/d/1W9h5MEFtAarIT5rYaDoCWuMkXfDHSapu/view,gdrive,list,Company site: fareastknit.com,
D170,Far East Knitting & Dyeing,List,Cash 2019,https://drive.google.com/file/d/1Wrn5YwP4fFiojg7a9TDsaM_o1-3Vp4eh/view,gdrive,list,Company site: fareastknit.com,
D171,Far East Knitting & Dyeing,List,Cash 2014-2018,https://drive.google.com/file/d/1xWvv0qYIUqv_jv93cKDDmDBx4Jq08Oig/view,gdrive,list,Company site: fareastknit.com,
D172,Far East Knitting & Dyeing,List,Stock 2020,https://drive.google.com/file/d/1m1Gt17aDbtbFKQLfsmJdwdSIul6xEIEQ/view,gdrive,list,Company site: fareastknit.com,
D173,Far East Knitting & Dyeing,List,Stock 2019,https://drive.google.com/file/d/1N9mkXe00NxeAkDH-KdYcdu-YyhXvJLyj/view,gdrive,list,Company site: fareastknit.com,
D174,Far East Knitting & Dyeing,List,Fractional stock 2018,https://drive.google.com/file/d/1yM4QgdacOS2wuCmmTMZytdl0FuxJuEEc/view,gdrive,list,Company site: fareastknit.com,
D175,Far East Knitting & Dyeing,List,Fractional stock 2017,https://drive.google.com/file/d/1fGld5GgrLs8KhOXBWjsNI-5GCY-uQv7c/view,gdrive,list,Company site: fareastknit.com,
D176,Far East Knitting & Dyeing,List,IPO refund not paid,https://drive.google.com/file/d/15oUTrJ9G18p9Zv7RiRULCLFgKa_qn-dJ/view,gdrive,list,Company site: fareastknit.com,
D177,Far East Knitting & Dyeing,List,IPO refund (USD),https://drive.google.com/file/d/1FDurFOFT3sXXNn9La3JKrpv2-GyIwr_v/view,gdrive,list,Company site: fareastknit.com,
D178,First Finance,List,Stock (electronic),https://www.first-finance.com.bd/media/documents/Stock-Dividend-Eletronic.pdf,direct_file,list,Company site: first-finance.com.bd,Cash list link on page duplicates the stock file
D179,First Finance,List,Right share,https://www.first-finance.com.bd/media/documents/Right-Share.pdf,direct_file,list,Company site: first-finance.com.bd,
D180,First Finance,List,Right share money,https://www.first-finance.com.bd/media/documents/Refund-Warrant-Right.pdf,direct_file,list,Company site: first-finance.com.bd,
D181,First Finance,List,Paper share / IPO money,https://www.first-finance.com.bd/media/documents/Paper-Share.pdf,direct_file,list,Company site: first-finance.com.bd,
D182,Gemini Sea Food,Shareholder list (2021),List of shareholders 31-08-2021,https://www.geminiseafood.com/pdf/List%20of%20Shareholders%2031-08-2021%20for%20DSE%20&%20others%20(1).pdf,direct_file,check_relevance,Company site: (direct),Not clearly an unclaimed list
D183,Doreen Power,List,Notice Jan 2026,https://www.doreenpower.com/pdf/Notice%20regarding%20Unclaimed%20Cash%20&%20Stock%20Dividend_21.01.2026.pdf,direct_file,list,Company site: doreenpower.com,
D184,Doreen Power,List,Cash 2022,https://www.doreenpower.com/pdf/Unpaid_Unclaimed_Cash_Dividend%20for%20the%20year%202022.pdf,direct_file,list,Company site: doreenpower.com,
D185,Doreen Power,List,Stock 2022,https://www.doreenpower.com/pdf/Unpaid_Unclaimed_Stock_Dividend%20for%20the%20year%202022.pdf,direct_file,list,Company site: doreenpower.com,
D186,Doreen Power,List,Cash 2021,https://www.doreenpower.com/pdf/Unpaid_Unclaimed_Cash_Dividend%20for%20the%20year%202021.pdf,direct_file,list,Company site: doreenpower.com,
D187,Doreen Power,List,Stock 2021,https://www.doreenpower.com/pdf/Unpaid_Unclaimed_Stock_Dividend%20for%20the%20year%202021.pdf,direct_file,list,Company site: doreenpower.com,
D188,Doreen Power,List,Cash 2020,https://www.doreenpower.com/pdf/Unpaid_Unclaimed_Dividend%20for%20the%20year%202020.pdf,direct_file,list,Company site: doreenpower.com,
D189,Doreen Power,List,Stock 2020,https://www.doreenpower.com/pdf/Unpaid_Unclaimed_Stock_Dividend%20for%20the%20year%202020.pdf,direct_file,list,Company site: doreenpower.com,
D190,Doreen Power,List,Cash 2019,https://www.doreenpower.com/pdf/Unpaid_Unclaimed_Dividend%20for%20the%20year%202019.pdf,direct_file,list,Company site: doreenpower.com,
D191,Doreen Power,List,Stock 2019,https://www.doreenpower.com/pdf/Unpaid_Unclaimed_Stock%20Dividend%20for%20the%20year%202019.pdf,direct_file,list,Company site: doreenpower.com,
D192,Doreen Power,List,Cash 2018,https://www.doreenpower.com/pdf/Unpaid_Unclaimed_Dividend%20for%20the%20year%202018.pdf,direct_file,list,Company site: doreenpower.com,
D193,Doreen Power,List,Stock 2018,https://www.doreenpower.com/pdf/Unpaid_Unclaimed_Stock%20Dividend%20for%20the%20year%202018.pdf,direct_file,list,Company site: doreenpower.com,
D194,Doreen Power,List,Stock 2017,https://www.doreenpower.com/pdf/Unpaid_Unclaimed_Stock%20Dividend%20for%20the%20year%202017.pdf,direct_file,list,Company site: doreenpower.com,
D195,Doreen Power,List,Stock 2016,https://www.doreenpower.com/pdf/Unpaid_Unclaimed_Stock%20Dividend%20for%20the%20year%202016.pdf,direct_file,list,Company site: doreenpower.com,
D196,Doreen Power,List,2016-17,https://www.doreenpower.com/pdf/Details_of_Unpaid_Unclaimed_Dividend_DPGSL.pdf,direct_file,list,Company site: doreenpower.com,
D197,Doreen Power,List,Non-refunded IPO money,https://www.doreenpower.com/pdf/Details%20of%20Non-refunded%20Public%20Subscription%20Money.pdf,direct_file,list,Company site: doreenpower.com,
D198,Tosrifa Industries,List,Unpaid/unclaimed info 2025,https://www.til.com.bd/uploads/investors/investors_12_1768460913.pdf,direct_file,list,Company site: til.com.bd,
D199,Tosrifa Industries,List,Unpaid/unclaimed 2023,https://www.til.com.bd/uploads/investors/investors_12_1750672300.pdf,direct_file,list,Company site: til.com.bd,
D200,Tosrifa Industries,List,Unpaid/unclaimed 2024,https://www.til.com.bd/uploads/investors/invesotrs_12_1733989072.pdf,direct_file,list,Company site: til.com.bd,
D201,Tosrifa Industries,List,Unpaid/unclaimed 2021,https://www.til.com.bd/uploads/investors/invesotrs_12_1709005435.pdf,direct_file,list,Company site: til.com.bd,
D202,Tosrifa Industries,List,Unclaimed info 23,https://www.til.com.bd/uploads/investors/invesotrs_12_1702178140.pdf,direct_file,list,Company site: til.com.bd,
D203,Uttara Finance,List,Stock bonus suspense 2006-2019,https://uttarafinance.com/public/assets/others/dividends/1630254124_SUSPENSE_STOCK_BONUS_(2006-2019).pdf,direct_file,list,Company site: uttarafinance.com,
D204,Uttara Finance,List,Stock dividend 2004 physical,https://uttarafinance.com/public/assets/others/dividends/1630422497_Statement%20of%20Stock%20Dividend%20for%20the%20year%202004%20(Physical%20Script%20Certificate)_10th%20AGM%202004.pdf,direct_file,list,Company site: uttarafinance.com,
D205,Uttara Finance,List,Right suspense 2009,https://uttarafinance.com/public/assets/others/dividends/1630224030_Statement%20of%20Right%20Suspense%20for%20the%20year%202009.pdf,direct_file,list,Company site: uttarafinance.com,
D206,Walton Hi-Tech,Notice,Notice regarding unclaimed dividends,https://cdn.waltonhil.com/public/1790475144833-934448151.pdf,direct_file,reference_only,Company site: waltonhil.com,GAP: files load via JavaScript and are not in search indexes. Needs a browser.
D207,Reliance Insurance,Cash,Unclaimed cash dividend 1995-2018,https://reliance-cdn.dev.quanticdynamics.cloud/doc/shareholders-info/Unclaimed_Dividend%201995-2018.pdf,direct_file,list,Company site: reliance.com.bd,
D208,Reliance Insurance,List,Details of unclaimed dividend as on 21 Mar 2022,https://reliance-cdn.dev.quanticdynamics.cloud/doc/shareholders-info/Details-of-Unclaimed-Dividend-as-on-March-21-2022.pdf,direct_file,list,Company site: reliance.com.bd,
D209,Zaheen Spinning,List,Unclaimed dividend status,http://www.zaheenspinningltd.com/ltd/Unclaimed_Dividend_Status.pdf,direct_file,list,Company site: zaheenspinningltd.com,
D210,Zaheen Spinning,List,Fractional 2014-15,http://www.zaheenspinningltd.com/ltd/UNCLAIMED_FD_2014_2015.pdf,direct_file,list,Company site: zaheenspinningltd.com,
D211,Zaheen Spinning,List,Fractional 2015-16,http://www.zaheenspinningltd.com/ltd/UNCLAIMED_FD_2015_2016.pdf,direct_file,list,Company site: zaheenspinningltd.com,
D212,Zaheen Spinning,List,Fractional 2016-17,http://www.zaheenspinningltd.com/ltd/UNCLAIMED_FD_2016_2017.pdf,direct_file,list,Company site: zaheenspinningltd.com,
D213,Zaheen Spinning,List,Fractional 2017-18,http://www.zaheenspinningltd.com/ltd/UNCLAIMED_FD_2017_2018.pdf,direct_file,list,Company site: zaheenspinningltd.com,
D214,Zaheen Spinning,List,Year-wise stock,http://www.zaheenspinningltd.com/ltd/Year-Wise_Unclaimed_Stock_Dividend.pdf,direct_file,list,Company site: zaheenspinningltd.com,
D228,AB Bank,List Stock,Unclaimed/undistributed stock dividend 2016,https://abbl.com/wp-content/uploads/2022/06/List-of-Unclaimed-or-undistributed-stock-dividend-for-the-year-2016.pdf,direct_file,list,Company site: abbl.com,Exact URL from site
D229,AB Bank,List Stock,Unclaimed/undistributed stock dividend 2015,https://abbl.com/wp-content/uploads/2022/06/List-of-Unclaimed-or-undistributed-stock-dividend-for-the-year-2015.pdf,direct_file,list,Company site: abbl.com,Exact URL from site
D230,AB Bank,List Stock,Unclaimed/undistributed stock dividend 2014,https://abbl.com/wp-content/uploads/2022/06/List-of-Unclaimed-or-undistributed-stock-dividend-for-the-year-2014.pdf,direct_file,list,Company site: abbl.com,Exact URL from site
D231,AB Bank,List Stock,Unclaimed/undistributed stock dividend 2013,https://abbl.com/wp-content/uploads/2022/06/List-of-Unclaimed-or-undistributed-stock-dividend-for-the-year-2013.pdf,direct_file,list,Company site: abbl.com,Exact URL from site
D232,AB Bank,List Stock,Unclaimed/undistributed stock dividend 2012,https://abbl.com/wp-content/uploads/2022/06/List-of-Unclaimed-or-Undistributed-stock-dividend-for-the-year-2012.pdf,direct_file,list,Company site: abbl.com,Exact URL from site
D233,AB Bank,List Stock,Unclaimed/undistributed stock dividend 2011,https://abbl.com/wp-content/uploads/2022/06/List-of-Unclaimed-or-Undistributed-stock-dividend-for-the-year-2011.pdf,direct_file,list,Company site: abbl.com,Exact URL from site
D234,AB Bank,List Stock,Unclaimed/undistributed stock dividend 2010,https://abbl.com/wp-content/uploads/2022/06/List-of-unclaimed-or-undistributed-stock-dividend-for-the-year-2010.pdf,direct_file,list,Company site: abbl.com,"Exact URL from site; verified loads (folio, name, shares)"
D235,AB Bank,List Stock,Unclaimed/undistributed stock dividend 2009,https://abbl.com/wp-content/uploads/2022/06/List-of-Unclaimed-or-Undistributed-stock-dividend-for-the-year-2009.pdf,direct_file,list,Company site: abbl.com,Exact URL from site
D236,AB Bank,List Stock,Unclaimed/undistributed stock dividend 2008,https://abbl.com/wp-content/uploads/2022/06/List-of-unclaimed-or-undistributed-stock-dividend-for-the-year-2008.pdf,direct_file,list,Company site: abbl.com,Exact URL from site
D237,AB Bank,List Stock,Unclaimed/undistributed stock dividend 2007,https://abbl.com/wp-content/uploads/2022/06/List-of-Unclaimed-or-undistributed-stock-dividend-for-the-year-2007.pdf,direct_file,list,Company site: abbl.com,Exact URL from site
D238,AB Bank,List Stock,Unclaimed/undistributed stock dividend 2006,https://abbl.com/wp-content/uploads/2022/06/List-of-Unclaimed-or-undistributed-Stock-Dividend-for-the-Year-2006.pdf,direct_file,list,Company site: abbl.com,Exact URL from site
D239,AB Bank,List Stock,Unclaimed/undistributed stock dividend 2005,https://abbl.com/wp-content/uploads/2022/06/List-of-Unclaimed-or-Undistributed-Stock-Dividend-for-the-Year-2005.pdf,direct_file,list,Company site: abbl.com,Exact URL from site
D240,AB Bank,Form,Cash dividend application form,https://abbl.com/wp-content/uploads/2021/08/Cash-Dividend-Application-form.pdf,direct_file,reference_only,Company site: abbl.com,
D241,AB Bank,Form,Bonus share application form,https://abbl.com/wp-content/uploads/2021/08/Bonus-share-application.pdf,direct_file,reference_only,Company site: abbl.com,
D242,Al-Arafah Islami Bank,List,Cash & fraction 1998-2017 (older version),https://www.aibl.com.bd/download/shareholders-information/LIST-OF-UNCLAMED-CASH-&-FRACTION-DIVIDEND_1998-to-2017.pdf,direct_file,list,Search engine index,Found via search; not linked on current page - may overlap Vol 1-5
D243,Al-Arafah Islami Bank,List,Unclaimed right & stock dividend (Sep 2022),https://www.aibl.com.bd/wp-content/uploads/2022/09/10_Unclaimed-Right-and-Stock-Dividend.pdf,direct_file,list,Search engine index,Found via search; not linked on current page - may overlap Vol 1-5
D244,Al-Arafah Islami Bank,List,Unclaimed cash & fraction dividend (Sep 2022),https://www.aibl.com.bd/wp-content/uploads/2022/09/9_Unclaimed-Cash-Fraction-Dividend.pdf,direct_file,list,Search engine index,Found via search; not linked on current page - may overlap Vol 1-5
D245,Al-Arafah Islami Bank,List,Unclaimed right & stock dividend (older),https://www.aibl.com.bd/aibldev/download/shareholders-information/LIST-OF-UNCLAIMED-RIGHT-AND-STOCK-DIVIDEND.pdf,direct_file,list,Search engine index,Found via search; not linked on current page - may overlap Vol 1-5
D246,Bangladesh General Insurance,Unsettled dividend,1989,https://bgicinsure.com/project/public/uploads/investor%20informations/1714984108-Unsettled%20Dividends_1989_sec.pdf,direct_file,list,Company site: bgicinsure.com,"Verified loads (name, BO/folio, amount, address)"
D247,Bangladesh General Insurance,Unsettled dividend,1990,https://bgicinsure.com/project/public/uploads/investor%20informations/1714984127-Unsettled%20Dividends_1990_sec.pdf,direct_file,list,Company site: bgicinsure.com,
D248,Bangladesh General Insurance,Unsettled dividend,1991,https://bgicinsure.com/project/public/uploads/investor%20informations/1714984140-Unsettled%20Dividends_1991_sec.pdf,direct_file,list,Company site: bgicinsure.com,
D249,Bangladesh General Insurance,Unsettled dividend,1992,https://bgicinsure.com/project/public/uploads/investor%20informations/1714984156-Unsettled%20Dividends_1992_sec.pdf,direct_file,list,Company site: bgicinsure.com,
D250,Bangladesh General Insurance,Unsettled dividend,1993,https://bgicinsure.com/project/public/uploads/investor%20informations/1714984171-Unsettled%20Dividends_1993_sec.pdf,direct_file,list,Company site: bgicinsure.com,
D251,Bangladesh General Insurance,Unsettled dividend,1994,https://bgicinsure.com/project/public/uploads/investor%20informations/1714984183-Unsettled%20Dividends_1994_sec.pdf,direct_file,list,Company site: bgicinsure.com,
D252,Bangladesh General Insurance,Unsettled dividend,1995,https://bgicinsure.com/project/public/uploads/investor%20informations/1714984197-Unsettled%20Dividends_1995_sec.pdf,direct_file,list,Company site: bgicinsure.com,
D253,Bangladesh General Insurance,Unsettled dividend,1996,https://bgicinsure.com/project/public/uploads/investor%20informations/1714984226-Unsettled%20Dividends_1996_sec.pdf,direct_file,list,Company site: bgicinsure.com,
D254,Bangladesh General Insurance,Unsettled dividend,1997,https://bgicinsure.com/project/public/uploads/investor%20informations/1714984239-Unsettled%20Dividends_1997_sec.pdf,direct_file,list,Company site: bgicinsure.com,
D255,Bangladesh General Insurance,Unsettled dividend,1998,https://bgicinsure.com/project/public/uploads/investor%20informations/1714984251-Unsettled%20Dividends_1998_sec.pdf,direct_file,list,Company site: bgicinsure.com,
D256,Bangladesh General Insurance,Unsettled dividend,1999,https://bgicinsure.com/project/public/uploads/investor%20informations/1714984263-Unsettled%20Dividends_1999_sec.pdf,direct_file,list,Company site: bgicinsure.com,
D257,Bangladesh General Insurance,Unsettled dividend,2000,https://bgicinsure.com/project/public/uploads/investor%20informations/1714984273-Unsettled%20Dividends_2000_sec.pdf,direct_file,list,Company site: bgicinsure.com,
D258,Bangladesh General Insurance,Unsettled dividend,2001,https://bgicinsure.com/project/public/uploads/investor%20informations/1714984284-Unsettled%20Dividends_2001_sec.pdf,direct_file,list,Company site: bgicinsure.com,
D259,Bangladesh General Insurance,Unsettled dividend,2002,https://bgicinsure.com/project/public/uploads/investor%20informations/1714984295-Unsettled%20Dividends_2002_sec.pdf,direct_file,list,Company site: bgicinsure.com,
D260,Bangladesh General Insurance,Unsettled dividend,2003,https://bgicinsure.com/project/public/uploads/investor%20informations/1714984306-Unsettled%20Dividends_2003_sec.pdf,direct_file,list,Company site: bgicinsure.com,
D261,Bangladesh General Insurance,Unsettled dividend,2006,https://bgicinsure.com/project/public/uploads/investor%20informations/1714984324-Unsettled%20Dividends_2006_sec.pdf,direct_file,list,Company site: bgicinsure.com,
D262,Bangladesh General Insurance,Unsettled dividend,2016,https://bgicinsure.com/project/public/uploads/investor%20informations/1690951893-unclaim%20statement_2016_sec.pdf,direct_file,list,Company site: bgicinsure.com,"Site has no files for 2004, 2005, 2007-2015"
D263,Uttara Finance,Cash,Unclaimed cash 13th AGM-2007,https://uttarafinance.com/public/assets/others/dividends/1630219126_13th%20AGM-2007.pdf,direct_file,list,Company site: uttarafinance.com,
D264,Uttara Finance,Cash,Unclaimed cash 3rd AGM-1997,https://uttarafinance.com/public/assets/others/dividends/1630219451_3rd%20AGM-1997.pdf,direct_file,list,Company site: uttarafinance.com,
D265,Uttara Finance,Cash,Unclaimed cash 4th AGM-1998,https://uttarafinance.com/public/assets/others/dividends/1630386188_4th%20AGM-1998.pdf,direct_file,list,Company site: uttarafinance.com,
D266,Uttara Finance,Cash,Unclaimed cash 5th AGM-1999,https://uttarafinance.com/public/assets/others/dividends/1630219406_5th%20AGM-1999.pdf,direct_file,list,Company site: uttarafinance.com,
D267,Uttara Finance,Cash,Unclaimed cash 6th AGM-2000,https://uttarafinance.com/public/assets/others/dividends/1630219367_6th%20AGM-2000.pdf,direct_file,list,Company site: uttarafinance.com,
D268,Uttara Finance,Cash,Unclaimed cash 7th AGM-2001,https://uttarafinance.com/public/assets/others/dividends/1631177752_7th%20AGM-2001.pdf,direct_file,list,Company site: uttarafinance.com,
D269,Uttara Finance,Cash,Unclaimed cash 8th AGM-2002,https://uttarafinance.com/public/assets/others/dividends/1630219324_8th%20AGM-2002.pdf,direct_file,list,Company site: uttarafinance.com,
D270,Uttara Finance,Cash,Unclaimed cash 9th AGM-2003,https://uttarafinance.com/public/assets/others/dividends/1630386036_9th%20AGM-2003.pdf,direct_file,list,Company site: uttarafinance.com,
D271,Uttara Finance,Cash,Unclaimed cash 10th AGM-2004 cash,https://uttarafinance.com/public/assets/others/dividends/1630385717_10th%20AGM-2004%20(Cash).pdf,direct_file,list,Company site: uttarafinance.com,
D272,Uttara Finance,Cash,Unclaimed cash 10th AGM-2004 fractional,https://uttarafinance.com/public/assets/others/dividends/1630219205_10th%20AGM-2004%20(Fractional).pdf,direct_file,list,Company site: uttarafinance.com,
D273,Uttara Finance,Cash,Unclaimed cash 11th AGM-2005,https://uttarafinance.com/public/assets/others/dividends/1630219173_11th%20AGM-2005.pdf,direct_file,list,Company site: uttarafinance.com,
D274,Uttara Finance,Cash,Unclaimed cash 12th AGM-2006,https://uttarafinance.com/public/assets/others/dividends/1630385920_12th%20AGM-2006.pdf,direct_file,list,Company site: uttarafinance.com,
D275,Uttara Finance,Cash,Unclaimed cash 14th AGM-2008,https://uttarafinance.com/public/assets/others/dividends/1630384901_14th%20AGM-%202008.pdf,direct_file,list,Company site: uttarafinance.com,
D276,Uttara Finance,Cash,Unclaimed cash 15th AGM-2009 fractional,https://uttarafinance.com/public/assets/others/dividends/1630219026_15th%20AGM-2009-Fractional.pdf,direct_file,list,Company site: uttarafinance.com,
D277,Uttara Finance,Cash,Unclaimed cash 16th AGM-2010 fractional,https://uttarafinance.com/public/assets/others/dividends/1630385158_16th%20AGM-2010%20(Fraction).pdf,direct_file,list,Company site: uttarafinance.com,
D278,Uttara Finance,Cash,Unclaimed cash 17th AGM-2011 fractional,https://uttarafinance.com/public/assets/others/dividends/1630385354_17th%20AGM-2011(Fraction).pdf,direct_file,list,Company site: uttarafinance.com,
D279,Uttara Finance,Cash,Unclaimed cash 18th AGM-2012,https://uttarafinance.com/public/assets/others/dividends/1630385501_18th%20AGM-2012.pdf,direct_file,list,Company site: uttarafinance.com,
D280,Uttara Finance,Cash,Unclaimed cash 19th AGM-2013,https://uttarafinance.com/public/assets/others/dividends/1630218910_19th%20AGM-2013.pdf,direct_file,list,Company site: uttarafinance.com,
D281,Uttara Finance,Cash,Unclaimed cash 20th AGM-2014,https://uttarafinance.com/public/assets/others/dividends/1630218888_20th%20AGM_2014.pdf,direct_file,list,Company site: uttarafinance.com,
D282,Uttara Finance,Cash,Unclaimed cash 21st AGM-2015,https://uttarafinance.com/public/assets/others/dividends/1630218863_21st%20AGM-2015.pdf,direct_file,list,Company site: uttarafinance.com,
D283,Uttara Finance,Cash,Unclaimed cash 22nd AGM-2016,https://uttarafinance.com/public/assets/others/dividends/1630218797_22th%20AGM-2016.pdf,direct_file,list,Company site: uttarafinance.com,
D284,Uttara Finance,Cash,Unclaimed cash 23rd AGM-2017,https://uttarafinance.com/public/assets/others/dividends/1630384167_23th%20AGM-2017.pdf,direct_file,list,Company site: uttarafinance.com,
D285,Uttara Finance,Cash,Unclaimed cash 24th AGM-2018,https://uttarafinance.com/public/assets/others/dividends/1630218614_24th%20AGM-2018.pdf,direct_file,list,Company site: uttarafinance.com,
D286,Uttara Finance,Cash,Unclaimed cash 25th AGM-2019,https://uttarafinance.com/public/assets/others/dividends/1630218499_25th%20AGM-2019.pdf,direct_file,list,Company site: uttarafinance.com,
D287,ACI PLC,Cash,Unclaimed cash dividend FY1996-2020,https://www.aci-bd.com/assets/files/unpaid-dividend/unpaid-cash-2020.pdf,direct_file,list,Company site: aci-bd.com (new page),"Page moved to /unpaidunsettledunclaimed-dividend/; verified loads (year, folio/BO, name, amount)"
D288,ACI PLC,Stock,Unclaimed stock/bonus FY2008-2020,https://www.aci-bd.com/assets/files/unpaid-dividend/unpaid-stockfy-1996-2020.pdf,direct_file,list,Company site: aci-bd.com (new page),
D289,ACI PLC,Cash,"ACI Ltd unpaid dividend 1996-2017 (817 pages, older)",https://www.aci-bd.com/assets/files/unpaid-dividend/aci-ltd-unpaid-dividend-1996-2017.pdf,direct_file,list,Search engine index,Older version; may be superseded
D290,ACI PLC,Cash,Unpaid cash dividend 2019-2022,https://www.aci-bd.com/assets/files/unpaid-dividend/unpaid-cash-dividend-2019-2022-of-aci-limited.pdf,direct_file,list,Search engine index,Not on current page - check if still valid
D291,ACI Formulations,Cash,Unpaid cash 2019-2020 (older),https://www.aci-bd.com/assets/files/ACI-FL/unpaid-dividend/unpaid-cash-dividend-2019-2020-of-aci-formulations-ltd.pdf,direct_file,list,Search engine index,Older version
D292,ACI Formulations,List,Unpaid/unclaimed 2008-2017 (older),https://www.aci-bd.com/assets/files/ACI-FL/unpaid-dividend/unpaid-unclaimed-dividend-for-aci-fl-year-2008-2017.pdf,direct_file,list,Search engine index,Older version
D293,ADN Telecom,Cash,Unclaimed dividend year ended 30 June 2024,https://api.adntel.com.bd/storage/media/original/829-unclaimed-dividend-for-the-year-30-june-2024-adntel-1744716925.pdf,direct_file,list,Search engine index,"Verified loads (BOID, name, father's name, address, amount)"
D294,ADN Telecom,Cash,Unclaimed dividend year ended 30 June 2023,https://api.adntel.com.bd/storage/media/original/828-unclaimed-dividend-for-the-year-30-june-2023-adntel-1744716817.pdf,direct_file,list,Search engine index,Site blocks bots; earlier years may exist - check adntel.com.bd/dividend by hand
D296,Bank Asia,List,Statement of unclaimed dividend (30-06-2025),https://www.bankasia-bd.com/assets/home/downloads/Statement_UnclaimedDividend-30062025.pdf,direct_file,list,EXTRA - not on CMSF list (found via search),Company not on CMSF's 50-company page; worth a full sweep of all listed companies
D297,Premier Bank,List,Unclaimed cash dividend 2016,https://premierbankltd.com/pbl/wp-content/uploads/2021/08/List-of-Unclaimed-Cash-Dividend-for-the-year-2016.pdf,direct_file,list,EXTRA - not on CMSF list (found via search),Company not on CMSF's 50-company page; worth a full sweep of all listed companies
D298,NCC Bank,List,Unclaimed dividend page,https://www.nccbank.com.bd/NccbAboutus/unclaimedDividend,html_page,list,EXTRA - not on CMSF list (found via search),Company not on CMSF's 50-company page; worth a full sweep of all listed companies
D299,IDLC Finance,List,Unclaimed cash dividend up to 2022,https://web.idlc.com/uploads/financial_report/unclaimed-cash-dividend-upto-2022-244523.pdf,direct_file,list,EXTRA - not on CMSF list (found via search),Company not on CMSF's 50-company page; worth a full sweep of all listed companies
D300,United Finance,List,Unclaimed cash dividend 2022,https://www.ufplc.com/Dividend/UCD_2022_update.pdf,direct_file,list,EXTRA - not on CMSF list (found via search),Company not on CMSF's 50-company page; worth a full sweep of all listed companies
D301,Malek Spinning (SIM Group),List,Unclaimed cash dividend 2019-2020,https://www.simgroup-bd.com/frontend/wp-content/uploads/MHSML/MHSML_Unclaimed%20Div%20List%202019-2020.pdf,direct_file,list,EXTRA - not on CMSF list (found via search),Company not on CMSF's 50-company page; worth a full sweep of all listed companies
