id,parent_id,company,title,url,final_url,kind,role,status,http_status,content_type,local_path,bytes,sha256,pages,error,downloaded_at
D001,,Jamuna Oil,Jamuna Oil Company Ltd. Unclaimed Dividend 2018-19,https://cmsfbd.org/storage/app/uploads/public/cop/y-o/f-j/copy-of-jamuna-oil-company-ltd-unclaimed-dividend-for-the-year-of-2018-192225.pdf,https://cmsfbd.org/storage/app/uploads/public/cop/y-o/f-j/copy-of-jamuna-oil-company-ltd-unclaimed-dividend-for-the-year-of-2018-192225.pdf,direct_file,list,ok,200,application/pdf,downloads/Jamuna_Oil/D001__copy-of-jamuna-oil-company-ltd-unclaimed-dividend-for-the-ye.pdf,965348,cf2fd6180eb8ceefd018b64b9577b36973bef3ec03390d5a3e8bd30a6599fda2,32,,2026-10-02 18:10:12
D046,,AB Bank,Unclaimed stock dividend 2019,https://abbl.com/wp-content/uploads/2023/10/List-of-Unclaimed-Stock-Dividend-for-the-year-2019.pdf,https://abbl.com/wp-content/uploads/2023/10/List-of-Unclaimed-Stock-Dividend-for-the-year-2019.pdf,direct_file,list,ok,200,application/pdf,downloads/AB_Bank/D046__List-of-Unclaimed-Stock-Dividend-for-the-year-2019.pdf,386343,a8e239c27e0bc60c6a71e897d1927787e14e10e69acea1e2761c8b31f4b8e4f6,50,,2026-10-02 18:10:13
D120,,Delta Life Insurance,Cash 2014,https://www.deltalife.org/assets/userfiles/List-of-Unclaimed-Cash-Dividend-2014.pdf,https://www.deltalife.org/assets/userfiles/List-of-Unclaimed-Cash-Dividend-2014.pdf,direct_file,list,ok,200,application/pdf,downloads/Delta_Life_Insurance/D120__List-of-Unclaimed-Cash-Dividend-2014.pdf,1074125,4931f2ccbcf8cdeb25f3aa800682f06dc46ac7dac9bceee98314e2dcf7a340a6,42,,2026-10-02 18:10:18
D002,,Singer Bangladesh,Singer BD unclaimed cash dividends (2022),https://cmsfbd.org/storage/app/uploads/public/sin/ger/-bd/singer-bd-2022.pdf,https://cmsfbd.org/storage/app/uploads/public/sin/ger/-bd/singer-bd-2022.pdf,direct_file,list,ok,200,application/pdf,downloads/Singer_Bangladesh/D002__singer-bd-2022.pdf,231903,efcd11c59df2b93fb28febded7e22b0c90867617d7854f620552557e5438bc38,24,,2026-10-02 18:11:28
D003,,Meghna Petroleum,Meghna Petroleum Ltd Unpaid Dividend 2018-2019,https://cmsfbd.org/storage/app/uploads/public/meg/hna/-pe/meghna-petrolium-ltd-unpaid-dividend-2018-2019.pdf,https://cmsfbd.org/storage/app/uploads/public/meg/hna/-pe/meghna-petrolium-ltd-unpaid-dividend-2018-2019.pdf,direct_file,list,ok,200,application/pdf,downloads/Meghna_Petroleum/D003__meghna-petrolium-ltd-unpaid-dividend-2018-2019.pdf,272113,2cdb73792af0770ef700b1fad91f861a612736540562ac1bab292be82c19fa2e,44,,2026-10-02 18:11:30
D004,,Deshbandhu Polymer,Deshbondhu Polymer Cash Dividend FY2018,https://cmsfbd.org/storage/app/uploads/public/un-/pai/d-d/un-paid-dividen-2018.pdf,https://cmsfbd.org/storage/app/uploads/public/un-/pai/d-d/un-paid-dividen-2018.pdf,direct_file,list,ok,200,application/pdf,downloads/Deshbandhu_Polymer/D004__un-paid-dividen-2018.pdf,7078473,7f1a6c32a4f0805d612fb27b51bc4e92aeab07c2b4318a46cd0131c21d650878,204,,2026-10-02 18:11:35
D005,,Deshbandhu Polymer,Deshbondhu Polymer Cash Dividend FY2015,https://cmsfbd.org/storage/app/uploads/public/unp/aid/-di/unpaid-dividend-rc-2015.pdf,https://cmsfbd.org/storage/app/uploads/public/unp/aid/-di/unpaid-dividend-rc-2015.pdf,direct_file,list,ok,200,application/pdf,downloads/Deshbandhu_Polymer/D005__unpaid-dividend-rc-2015.pdf,1375401,fecd043c42c3048d10ef0903091f21feeec7b57d89f584c7da3abe42f3122f0f,47,,2026-10-02 18:11:37
D006,,IT Consultants,IT Consultants Ltd. Cash Dividend 2018-19,https://cmsfbd.org/storage/app/uploads/public/it-/con/sul/it-consultants-ltd-2018-19.pdf,https://cmsfbd.org/storage/app/uploads/public/it-/con/sul/it-consultants-ltd-2018-19.pdf,direct_file,list,ok,200,application/pdf,downloads/IT_Consultants/D006__it-consultants-ltd-2018-19.pdf,148249,edbefc3922ee239b188ba2c0c7873ab7c44ffc72aa6da05e1ca655e06f819a2d,8,,2026-10-02 18:11:39
D007,,Al-Arafah Islami Bank,Al-Arafah Islami Bank unclaimed dividend 1998-2017 (year wise),https://cmsfbd.org/storage/app/uploads/public/al-/ara/fah/al-arafah-islami-bank-ltd-unclaimed-dividend-list-1998-to-2017-year-wise.pdf,https://cmsfbd.org/storage/app/uploads/public/al-/ara/fah/al-arafah-islami-bank-ltd-unclaimed-dividend-list-1998-to-2017-year-wise.pdf,direct_file,list,ok,200,application/pdf,downloads/Al-Arafah_Islami_Bank/D007__al-arafah-islami-bank-ltd-unclaimed-dividend-list-1998-to-20.pdf,20714457,89f48d565c894079f8642ff0073a592b8354d72691c9d732485c96d5656ae9b8,1142,,2026-10-02 18:11:46
D008,,Al-Arafah Islami Bank,Al-Arafah Islami Bank unclaimed dividend 1998-2017,https://cmsfbd.org/storage/app/uploads/public/al-/ara/fah/al-arafah-islami-bank-ltd-unclaimed-dividend-list-1998-2017.pdf,https://cmsfbd.org/storage/app/uploads/public/al-/ara/fah/al-arafah-islami-bank-ltd-unclaimed-dividend-list-1998-2017.pdf,direct_file,list,ok,200,application/pdf,downloads/Al-Arafah_Islami_Bank/D008__al-arafah-islami-bank-ltd-unclaimed-dividend-list-1998-2017.pdf,22022967,7cac983a7660703b35587c4a92fbe9c1b9ea79b49f63bdfb8a8b7ba7d431a8d3,1075,,2026-10-02 18:11:50
D009,,Anlima Yarn Dyeing,Anlima Yarn Dying Ltd. unclaimed dividend 2009-2018,https://cmsfbd.org/storage/app/uploads/public/2-u/npa/id-/2-unpaid-dividend-list-2009-10-to-2017-18-1-178-compressed.pdf,https://cmsfbd.org/storage/app/uploads/public/2-u/npa/id-/2-unpaid-dividend-list-2009-10-to-2017-18-1-178-compressed.pdf,direct_file,list,ok,200,application/pdf,downloads/Anlima_Yarn_Dyeing/D009__2-unpaid-dividend-list-2009-10-to-2017-18-1-178-compressed.pdf,13524637,72b798f7dd198e00e987888118ebf1788905250e422846d903b5cd39ed069f6f,178,,2026-10-02 18:11:52
D010,,Anlima Yarn Dyeing,Anlima Yarn Dying Ltd. unclaimed dividend 1997-2009,https://cmsfbd.org/storage/app/uploads/public/1-u/npa/id-/1-unpaid-dividend-list-1997-98-to-2008-09.pdf,https://cmsfbd.org/storage/app/uploads/public/1-u/npa/id-/1-unpaid-dividend-list-1997-98-to-2008-09.pdf,direct_file,list,ok,200,application/pdf,downloads/Anlima_Yarn_Dyeing/D010__1-unpaid-dividend-list-1997-98-to-2008-09.pdf,5809326,2d569ea797fb0edc61264e07ae1dd743133c3debf86aaa87a6662d0f94d83a3d,66,,2026-10-02 18:11:55
D011,,Olympic Industries,Olympic Industries Ltd Unclaimed/Unsettled Stock Dividend,https://cmsfbd.org/storage/app/uploads/public/oly/mpi/c-i/olympic-industries-ltd-unclaimed-unsettled-stock-dividend.pdf,https://cmsfbd.org/storage/app/uploads/public/oly/mpi/c-i/olympic-industries-ltd-unclaimed-unsettled-stock-dividend.pdf,direct_file,list,ok,200,application/pdf,downloads/Olympic_Industries/D011__olympic-industries-ltd-unclaimed-unsettled-stock-dividend.pdf,1921340,104e7fab22d9c5589a3936d046534a1b2d9f24c587f1673dbfa6f7f9b652be0d,81,,2026-10-02 18:11:58
D012,,National Polymer Industries,National Polymer Industries Unclaimed Stock Dividend 2009 & 2011-2018,https://cmsfbd.org/storage/app/uploads/public/nat/ion/al-/national-polymer-industries-ltd-unclaimed-stock-dividend-for-the-year-2009-2011-2018.pdf,https://cmsfbd.org/storage/app/uploads/public/nat/ion/al-/national-polymer-industries-ltd-unclaimed-stock-dividend-for-the-year-2009-2011-2018.pdf,direct_file,list,ok,200,application/pdf,downloads/National_Polymer_Industries/D012__national-polymer-industries-ltd-unclaimed-stock-dividend-for.pdf,403963,6744f2c6abcc0e3ece4621bae248fceb9ac8daf4c9cabbc2c4aa4e00a35c243f,7,,2026-10-02 18:12:00
D013,,Beximco,BEXIMCO Unclaimed Stock Dividend (Bonus Shares),https://cmsfbd.org/storage/app/uploads/public/ban/gla/des/bangladesh-export-import-company-ltd-beximco-unclaimed-stock-dividend-bonus-shares.pdf,https://cmsfbd.org/storage/app/uploads/public/ban/gla/des/bangladesh-export-import-company-ltd-beximco-unclaimed-stock-dividend-bonus-shares.pdf,direct_file,list,ok,200,application/pdf,downloads/Beximco/D013__bangladesh-export-import-company-ltd-beximco-unclaimed-stock.pdf,13420490,1ccafdda8d7d6916280ed56e608dcf5e82b01b10a64d667dfaf6ef324e96c67e,618,,2026-10-02 18:12:05
D014,,Al-Arafah Islami Bank,Al-Arafah Islami Bank Unclaimed Stock Dividend and Right-2010 (as on 31-05-2022),https://cmsfbd.org/storage/app/uploads/public/al-/ara/fah/al-arafah-islami-bank-ltd-unclaimed-stock-dividend-2005-2013-2015-2017-2018-and-right-2010-as-om-31-05-2022.pdf,https://cmsfbd.org/storage/app/uploads/public/al-/ara/fah/al-arafah-islami-bank-ltd-unclaimed-stock-dividend-2005-2013-2015-2017-2018-and-right-2010-as-om-31-05-2022.pdf,direct_file,list,ok,200,application/pdf,downloads/Al-Arafah_Islami_Bank/D014__al-arafah-islami-bank-ltd-unclaimed-stock-dividend-2005-2013.pdf,5993010,db4b8f339df9a7f4e7abbfd88887a32af17c3e1fbcc1f1c717f2ec64a20d676e,48,,2026-10-02 18:12:08
D015,,Khulna Power Company (KPCL),KPCL unclaimed/undistributed stock dividend or bonus shares,https://cmsfbd.org/storage/app/uploads/public/lis/t-o/f-u/list-of-unclaimed-or-undistributed-stock-dividend-or-bonus-shares-1.pdf,https://cmsfbd.org/storage/app/uploads/public/lis/t-o/f-u/list-of-unclaimed-or-undistributed-stock-dividend-or-bonus-shares-1.pdf,direct_file,list,ok,200,application/pdf,downloads/Khulna_Power_Company_KPCL/D015__list-of-unclaimed-or-undistributed-stock-dividend-or-bonus-s.pdf,223074,5eea07cc934c4a4b77bd57296f51a41ebddaef8ccc5bd11e44e78ba699633e09,1,,2026-10-02 18:12:09
D016,,Green Delta Insurance,Green Delta Insurance Unclaimed Stock Dividend List 2019,https://cmsfbd.org/storage/app/uploads/public/gre/en-/del/green-delta-insurance-ltd-unclaimed-stock-dividend-list-2019.pdf,https://cmsfbd.org/storage/app/uploads/public/gre/en-/del/green-delta-insurance-ltd-unclaimed-stock-dividend-list-2019.pdf,direct_file,list,ok,200,application/pdf,downloads/Green_Delta_Insurance/D016__green-delta-insurance-ltd-unclaimed-stock-dividend-list-2019.pdf,556636,440c0304a5cb1a96e0c8c1b2585aaebcc84b91dbd5ac6861703498ba02946627,7,,2026-10-02 18:12:12
D017,,Apex Footwear,Apex Footwear Unclaimed Stock Dividend 2007 (as on 10 Feb 2022),https://cmsfbd.org/storage/app/uploads/public/unc/lai/med/unclaimed-stick-dividend-year-2007.pdf,https://cmsfbd.org/storage/app/uploads/public/unc/lai/med/unclaimed-stick-dividend-year-2007.pdf,direct_file,list,ok,200,application/pdf,downloads/Apex_Footwear/D017__unclaimed-stick-dividend-year-2007.pdf,482584,c8e0692f2a01bac7b45d0d9408be6e76cbb4bc95c66d9da4088007ad95acfab0,10,,2026-10-02 18:12:15
D018,,Summit Power,Summit Power,https://cmsfbd.org/storage/app/uploads/public/sum/mit/-po/summit-power.pdf,https://cmsfbd.org/storage/app/uploads/public/sum/mit/-po/summit-power.pdf,direct_file,list,ok,200,application/pdf,downloads/Summit_Power/D018__summit-power.pdf,4993415,be844ce5d508d53a5e5cb33b7bd7df4b9306f0cef4d291104e7e185da0c133c8,160,,2026-10-02 18:12:19
D019,,United Finance,United Finance Ltd (cash dividend 1994-2017 + subscription money),https://cmsfbd.org/storage/app/uploads/public/unc/lai/med/unclaimed-cash-dividend-1994-2017-unclaimed-subscription-money.pdf,https://cmsfbd.org/storage/app/uploads/public/unc/lai/med/unclaimed-cash-dividend-1994-2017-unclaimed-subscription-money.pdf,direct_file,list,ok,200,application/pdf,downloads/United_Finance/D019__unclaimed-cash-dividend-1994-2017-unclaimed-subscription-mon.pdf,4337157,9353b8e2e34e16cc493f302e0128da279fb100e58f539fcdb4260a33c9d2e6d6,361,,2026-10-02 18:12:21
D020,,United Insurance,United Insurance Company Ltd (cash dividend 2008-2017),https://cmsfbd.org/storage/app/uploads/public/unc/lai/med/unclaimed-cash-dividend-2008-2017.pdf,https://cmsfbd.org/storage/app/uploads/public/unc/lai/med/unclaimed-cash-dividend-2008-2017.pdf,direct_file,list,ok,200,application/pdf,downloads/United_Insurance/D020__unclaimed-cash-dividend-2008-2017.pdf,2871480,ba3211d1f686b82ad0f73c99176ddbb69455ea1e2e00084137c77b44b8697cd6,219,,2026-10-02 18:12:24
D021,,CMSF,Claim Settlement List Jul 2025-Mar 2026,https://cmsfbd.org/storage/app/uploads/public/sto/ck-/set/stock-settlement-july-2025-march-2026.pdf,https://cmsfbd.org/storage/app/uploads/public/sto/ck-/set/stock-settlement-july-2025-march-2026.pdf,direct_file,settled_claims,ok,200,application/pdf,downloads/CMSF/D021__stock-settlement-july-2025-march-2026.pdf,445507,87d04eb10bcbb92c22bca6c453e589d9f66dab22537aec6b221389b9d2175dfa,8,,2026-10-02 18:12:26
D022,,CMSF,Claim Settlement List (Cash),https://cmsfbd.org/storage/app/uploads/public/set/tle/d-c/settled-claims-till-may-162026.pdf,https://cmsfbd.org/storage/app/uploads/public/set/tle/d-c/settled-claims-till-may-162026.pdf,direct_file,settled_claims,ok,200,application/pdf,downloads/CMSF/D022__settled-claims-till-may-162026.pdf,1682662,04b1b5121c275d1e85261bf8d98aae19f9e098201c41dfcc11e4bc326baaa8f5,36,,2026-10-02 18:12:29
D023,,CMSF,Claim Settlement List (Stock) till Jun 2025,https://cmsfbd.org/storage/app/uploads/public/set/tle/men/settlement-report-till-june-2025.pdf,https://cmsfbd.org/storage/app/uploads/public/set/tle/men/settlement-report-till-june-2025.pdf,direct_file,settled_claims,ok,200,application/pdf,downloads/CMSF/D023__settlement-report-till-june-2025.pdf,1293327,cc88271f04554d355783ca5d42d788e84d4f0c3f256c8d9dd3f08b08d367271e,33,,2026-10-02 18:12:31
