company,url,why,what_to_do
City General Insurance,https://www.cityinsurance.com.bd/investors/unclaimed-dividend,GAP: files load via JavaScript and are not in search indexes. Needs a browser.,"Open in a normal browser, save any unclaimed-dividend PDFs, upload them to the session's manual_uploads/ folder"
Walton Hi-Tech,https://cdn.waltonhil.com/public/1790475144833-934448151.pdf,GAP: files load via JavaScript and are not in search indexes. Needs a browser.,"Open in a normal browser, save any unclaimed-dividend PDFs, upload them to the session's manual_uploads/ folder"
Olympic Industries (own site),https://olympicbd.com/list-of-unclaimed-dividend/,Own page 404; site is JavaScript-only. CMSF Data Bank has Olympic stock list. Needs a browser.,"Open in a normal browser, save any unclaimed-dividend PDFs, upload them to the session's manual_uploads/ folder"
Active Fine Chemicals,https://www.afchem.com/dividends-information/,Domain afchem.com now redirects to an unrelated shop site (lapsed/hijacked). Do not use. Ask company via DSE contact.,"Open in a normal browser, save any unclaimed-dividend PDFs, upload them to the session's manual_uploads/ folder"
Alif Manufacturing,https://amcl.com.bd/category/unclaimed-undistributed/,Domain amcl.com.bd no longer resolves (DNS). Company merged into Alif Industries; contact share dept.,"Open in a normal browser, save any unclaimed-dividend PDFs, upload them to the session's manual_uploads/ folder"
Anlima Yarn Dyeing (own site),https://anlima.com/unclaimed-unpaid-dividend.html,JavaScript-only page. CMSF Data Bank has 2 Anlima lists 1997-2018.,"Open in a normal browser, save any unclaimed-dividend PDFs, upload them to the session's manual_uploads/ folder"
Bangladesh Autocars,https://bdautocars.com/?page_id=236,Page 'under construction',"Open in a normal browser, save any unclaimed-dividend PDFs, upload them to the session's manual_uploads/ folder"
Bangladesh Building Systems,https://www.bbspeb.com/investor/investor-index.html,0 documents; has searchable tool https://www.bbspeb.com/en/dividend-search,"Open in a normal browser, save any unclaimed-dividend PDFs, upload them to the session's manual_uploads/ folder"
Bangladesh Finance & Investment,https://bd.finance/dividend,Files load via JavaScript; not indexed. Needs a browser.,"Open in a normal browser, save any unclaimed-dividend PDFs, upload them to the session's manual_uploads/ folder"
Eastern Cables,https://easterncables.gov.bd/site/page/3a9ec43e-3aa9-44d0-afd8-c3a56ea537ad/-,SSL certificate broken (govt site). Needs a browser.,"Open in a normal browser, save any unclaimed-dividend PDFs, upload them to the session's manual_uploads/ folder"
Purabi General Insurance,http://www.purabiinsurance.org/page/dividend,"Works at purabiinsurance.org (no www), but files load via JavaScript. Needs a browser.","Open in a normal browser, save any unclaimed-dividend PDFs, upload them to the session's manual_uploads/ folder"
Queen South Textile Mills,http://www.qstmills.com/unclaimed-dividend.html,SSL certificate broken on all variants. Needs a browser.,"Open in a normal browser, save any unclaimed-dividend PDFs, upload them to the session's manual_uploads/ folder"
Robi Axiata,https://www.robi.com.bd/en/summary-of-unclaimed-dividend,JavaScript-only site; not indexed by search. Needs a browser.,"Open in a normal browser, save any unclaimed-dividend PDFs, upload them to the session's manual_uploads/ folder"
AIBL Mudaraba Perpetual Bond,https://www.aibl.com.bd/aibl-mudaraba-perpetual-bond/,Bond page; no unclaimed lists found,"Open in a normal browser, save any unclaimed-dividend PDFs, upload them to the session's manual_uploads/ folder"
AB Bank Perpetual Bond,https://abbl.com/investor-relations/,Same page as AB Bank; no separate bond list found,"Open in a normal browser, save any unclaimed-dividend PDFs, upload them to the session's manual_uploads/ folder"
Wata Chemicals,https://watachemical.com/unpaid-unclaimed-dividend/,Site times out / robots.txt fails. Needs a browser.,"Open in a normal browser, save any unclaimed-dividend PDFs, upload them to the session's manual_uploads/ folder"
